id,name,email
0,Elizabeth Wyman,elizabeth.wyman@hotmail.com
1,Wilhelmine Klocko,wilhelmine.klocko@gmail.com
2,Romaine Mayer,romaine.mayer@yahoo.com
3,Myah Purdy,myah.purdy@yahoo.com
4,Ora Armstrong,ora.armstrong@gmail.com
5,Wayne Ernser,wayne.ernser@yahoo.com
6,Ora Stokes,ora.stokes@yahoo.com
7,Weston Abernathy,weston.abernathy@hotmail.com
8,Morris Ledner,morris.ledner@gmail.com
9,Joesph Schulist,joesph.schulist@gmail.com
10,Rozella Torphy,rozella.torphy@hotmail.com
11,Demario Lowe,demario.lowe@hotmail.com
12,Adrianna Schmitt,adrianna.schmitt@yahoo.com
13,Makenna Keeling,makenna.keeling@yahoo.com
14,Quinton Quitzon,quinton.quitzon@hotmail.com
15,Hazel Johns,hazel.johns@hotmail.com
16,Nat Douglas,nat.douglas@hotmail.com
17,Amelie Lang,amelie.lang@yahoo.com
18,Myron Mertz,myron.mertz@yahoo.com
19,Mason Monahan,mason.monahan@gmail.com
20,Allan Volkman,allan.volkman@gmail.com
21,Evie Stanton,evie.stanton@gmail.com
22,Jess Stanton,jess.stanton@yahoo.com
23,Wendy Lockman,wendy.lockman@yahoo.com
24,Myrtle Hilpert,myrtle.hilpert@yahoo.com
25,Kobe Kassulke,kobe.kassulke@hotmail.com
26,Erica Moen,erica.moen@hotmail.com
27,Claudia Ledner,claudia.ledner@hotmail.com
28,Kenyatta Nienow,kenyatta.nienow@gmail.com
29,Aubree Wunsch,aubree.wunsch@hotmail.com
